platform,platform_product_id,product_url,product_name,brand,mrp,selling_price,discount_pct,quantity_value,quantity_unit,key_ingredients,ingredient_concentrations,finish,skin_types,free_from,pregnancy_safe,claims,spf,pa_rating,rating,review_count,description,availability,scrape_status,scraped_at,run_id
nykaa,4493115,https://www.nykaa.com/raaga-professional-spf-50-pa-sunscreen-lotion-with-uva-uvb-protection-all-skin-types-55-ml/p/4493115?productId=4493115&pps=33,Raaga Professional SPF 50 PA++++ Sunscreen Lotion with UVA + UVB Protection,Raaga Professional,525.0,462.0,12.0,55.0,ml,,{},,All,,,"SPF 50, PA++++, Waterproof, Sweatproof",50,PA++++,4.2,2059.0,"Raaga Professional Sunscreen lotion with SPF 50 is a complete solution to all sun damage problems like skin darkening due to UV rays, sun tanning, sunburn, UV spots, photo aging etc. It easily blends into the skin without leaving behind any white cast. For best results use Raaga professionals face wash, toner, moisturizer and follow it up with SPF 50.",In Stock,success,2026-08-11T17:10:28.392658+00:00,run_8acbb255
nykaa,10771,https://www.nykaa.com/lotus-herbals-safe-sun-block-spf-30-pa-indian-summer-formula/p/10771?productId=10771&pps=37,Lotus Herbals Safe Sun Sunscreen Cream PA++ UVA SPF-30 UVB Indian Summer Formula,Lotus Herbals,475.0,428.0,10.0,100.0,g,,{},,,,,"SPF 30, PA++, 10% Off",30,PA++,4.3,428.0,"Regular price ₹475. Discounted price ₹428. 10% Off. Inclusive of all taxes. Nykaa maintains pricing batches within its inventory, which can lead to changes in final MRP.",In Stock,success,2026-08-11T17:10:38.920180+00:00,run_8acbb255
nykaa,16936912,https://www.nykaa.com/hyphen-matte-max-velvet-touch-sunscreen-spf-70-pa/p/16936912?productId=16936912&pps=64,Hyphen Matte Max Velvet Touch Sunscreen SPF70+PA++++ Sweat & Water Resistant 12hr UV Protection(30g),Hyphen,499.0,474.0,5.0,30.0,g,,{},,"Oily, Dry, Combination, All",,,"SPF 70, PA++++, Sweat & Water Resistant, 12hr UV Protection",70,PA++++,4.2,532.0,,In Stock,success,2026-08-11T17:10:52.647684+00:00,run_8acbb255
nykaa,15279489,https://www.nykaa.com/novology-spf50-pa-tinted-sunscreen/p/15279489?productId=15279489&pps=62,"Novology SPF 50 PA++++ Tinted Sunscreen, For Pigmentation, Dark Spots, All Skin Types,Natural Finish",Novology,850.0,680.0,20.0,50.0,g,,{},Natural Finish,All,,,"SPF 50, PA++++, For Pigmentation, Dark Spots, 20% Off",50,PA++++,4.5,666.0,"100% Genuine Products. Easy Return Policy: Returns/replacements are accepted for unused products only in case of defects, damages during delivery, missing, or wrong products delivered.",In Stock,success,2026-08-11T17:10:59.876574+00:00,run_8acbb255
nykaa,16778976,https://www.nykaa.com/heliocare-pigment-solution-fluid/p/16778976?productId=16778976&pps=66,Heliocare 360 Pigment Solution Fluid Sunscreen With Niacinamide SPF 50+ Pa++++ Remove Tan & Brighten(50ml),Heliocare,3350.0,3350.0,15.0,50.0,ml,Niacinamide,{},Fluid,All,,,"SPF 50+, PA++++, Remove Tan, Brighten",50+,PA++++,4.2,36.0,"100% Genuine Products. 100% Authentic, directly purchased from Heliocare. Easy Return Policy. Returns/replacements are accepted for unused products only in case of defects, damages during delivery, missing, or wrong products delivered. Return requests can be raised on the 'My Order' section within 15 days of delivery.",In Stock,success,2026-08-11T17:11:08.347406+00:00,run_8acbb255
nykaa,188813,https://www.nykaa.com/lakme-sun-expert-spf-50-pa-ultra-matte-lotion-sunscreen-188813/p/188813?productId=188813&pps=1,"Lakme Sunscreen Gel SPF 50 PA+++ Niacinamide, Water Light, For Normal to Oily Skin, No White Cast",Lakme,625.0,438.0,30.0,100.0,g,Niacinamide,{},Water Light,"Normal, Oily",,,"SPF 50, PA+++, 30% Off",50,PA+++,4.2,1689.0,"100% Genuine Products. 100% Authentic, directly purchased from Lakme. Easy Return Policy for unused products only in case of defects, damages during delivery, missing, or wrong products delivered.",In Stock,success,2026-08-11T17:11:25.603381+00:00,run_8acbb255
nykaa,399777,https://www.nykaa.com/la-shield-lite-anti-tanning-sunscreen-gel/p/399777?productId=399777&pps=38,La Shield Lite SPF 50 PA+++ Mineral Sunscreen Gel Reduces Pigmentation & Dark Spots Oil-free,La Shield,980.0,882.0,10.0,50.0,g,,{},,,,,"SPF 50, PA+++, Reduces Pigmentation, Reduces Dark Spots, Oil-free",50,PA+++,4.4,2542.0,100% Genuine Products. Easy Return Policy.,In Stock,success,2026-08-11T17:11:32.222077+00:00,run_8acbb255
nykaa,22824,https://www.nykaa.com/lotus-herbals-youthrx-anti-ageing-transforming-creme/p/22824?productId=22824&pps=45,Lotus Herbals YouthRx Anti Ageing Transforming Face Cream SPF 25,Lotus Herbals,835.0,626.0,25.0,50.0,g,"Gineplex Youth Compound, SPF 25",{},,All,"Cruelty-free, Chemical-free",,"SPF 25, Reduces Dark Spots, Anti-Aging",25,PA++,4.4,511.0,"It is a Green Science miracle. It comes with the breakthrough Gineplex Youth Compound derived from potent natural ingredients and is clinically proven for accelerated lifting, firming and protective action. It is enriched with SPF 25 PA+++ for protection against sun damage which results in ageing of skin.",In Stock,success,2026-08-11T17:11:43.924010+00:00,run_8acbb255
nykaa,19437765,https://www.nykaa.com/celimax-pore-dark-spot-brightening-care-sunscreen/p/19437765?productId=19437765&pps=6,"Celimax Pore + Dark Spot Brightening Care Sunscreen SPF 50+ PA++++,Corrects,Fights Hyperpigmentation",Celimax,2599.0,2209.0,15.0,50.0,ml,,{},,,,,"SPF 50+, Fights Hyperpigmentation, 15% Off",50+,PA++++,4.4,85.0,"100% Genuine Products. Easy Return Policy. Returns/replacements are accepted for unused products only in case of defects, damages during delivery, missing, or wrong products delivered.",In Stock,success,2026-08-11T17:11:51.616883+00:00,run_8acbb255
nykaa,19557977,https://www.nykaa.com/lacto-calamine-daily-sunscreen-spf-50-pa/p/19557977?productId=19557977&pps=74,"Lacto Calamine Lightweight Sunscreen SPF 50 PA +++ UVA-UVB- No White Cast, Non-Greasy for Oily Skin",Lacto Calamine,399.0,200.0,50.0,50.0,g,,{},Non-Greasy,Oily,,,"SPF 50, No White Cast, Non-Greasy",50,PA+++,4.1,781.0,"100% Genuine Products. 100% Authentic, directly purchased from Lacto Calamine. Easy Return Policy. Returns/replacements are accepted for unused products only in case of defects, damages during delivery, missing, or wrong products delivered. Return requests can be raised on the 'My Order' section within 15 days of delivery.",In Stock,success,2026-08-11T17:12:01.585240+00:00,run_8acbb255
nykaa,11109960,https://www.nykaa.com/lotus-herbals-safe-sun-vitamin-c-matte-gel-daily-sunscreen-spf-50-pa/p/11109960?productId=11109960&pps=57,Lotus Herbals SafeSun Vitamin C Matte Gel Daily Sunscreen SPF 50 PA+++,Lotus Herbals,565.0,441.0,22.0,75.0,g,,{},Matte,All,,,"SPF 50, PA+++",50,PA+++,4.1,558.0,"100% Genuine Products. Easy Return Policy. Returns/replacements are accepted for unused products only in case of defects, damages during delivery, missing, or wrong products delivered. Return requests can be raised on the 'My Order' section within 15 days of delivery.",In Stock,success,2026-08-11T17:12:12.854041+00:00,run_8acbb255
nykaa,509960,https://www.nykaa.com/forest-essentials-sun-fluid-tender-coconut-water-with-turmeric-basil-leaf-spf-50-pa/p/509960?productId=509960&pps=43,Forest Essentials Sheer Sun Fluid Sunscreen SPF 50 PA++++,Forest Essentials,1575.0,1575.0,15.0,50.0,ml,,{},,,,,"SPF 50, PA++++",50,PA++++,4.5,1952.0,Forest Essentials Sheer Sun Fluid Sunscreen SPF 50 PA++++,In Stock,success,2026-08-11T17:12:20.068496+00:00,run_8acbb255
nykaa,20182259,https://www.nykaa.com/mamaearth-vitamin-c-daily-glow-sunscreen/p/20182259?productId=20182259&pps=59,Mamaearth Vitamin C Daily Glow Sunscreen SPF 50 PA++++(34.5g),Mamaearth,225.0,203.0,10.0,34.5,g,,{},,,,,"SPF 50, PA++++, 10% Off",50,PA++++,4.0,848.0,Mamaearth Vitamin C Daily Glow Sunscreen with SPF 50 and PA++++ for daily use.,In Stock,success,2026-08-11T17:12:29.477096+00:00,run_8acbb255
nykaa,13773767,https://www.nykaa.com/aqualogica-illuminate-dewy-sunscreen-spf-50/p/13773767?productId=13773767&skuId=16406929&pps=63,Aqualogica Illuminate+ Dewy Lightweight Sunscreen Gel SPF 50+ PA++++ for All Skin Types,Aqualogica,299.0,278.0,7.0,30.0,g,,{},Dewy,All,,,"SPF 50, PA++++, All Skin Types",50,PA++++,4.3,446.0,"100% Authentic, directly purchased from Aqualogica.",In Stock,success,2026-08-11T17:12:37.767081+00:00,run_8acbb255
nykaa,24157,https://www.nykaa.com/lotus-herbals-phyto-rx-whitening-brightening-creme-spf-25-pa/p/24157?productId=24157&pps=25,"Lotus Professional PhytoRx Whitening & Brightening Face Cream, For Radiant Skin, Remove Pigmentation",Lotus Herbals,785.0,652.0,17.0,50.0,g,,{},,,,,"Whitening, Brightening, Radiant Skin, Remove Pigmentation",25,,4.4,1299.0,"100% Genuine Products. 100% Authentic, directly purchased from Lotus Herbals.",In Stock,success,2026-08-11T17:12:46.893033+00:00,run_8acbb255
nykaa,13920963,https://www.nykaa.com/lakme-sun-expert-spf-50-pa-1percent-nia-vit-c-sunscreen/p/13920963?productId=13920963&pps=53,"Lakme 5% Niacinamide & VIT C Water-light Sunscreen Gel SPF 50 Pa++++For Oily Skin, 2X Glow",Lakme,499.0,349.0,30.0,56.0,g,"Niacinamide, Vitamin C",{},Water-light,Oily,,,"SPF 50, 30% Off, Extra 15% Off up to ₹300",50,PA++++,4.3,1961.0,"Lakme 5% Niacinamide & VIT C Water-light Sunscreen Gel offers protection with a non-greasy, lightweight formula.",In Stock,success,2026-08-11T17:12:53.273386+00:00,run_8acbb255
nykaa,1166299,https://www.nykaa.com/re-equil-sheer-zinc-tinted-sunscreen-spf-50-pa-100-mineral-sunscreen/p/1166299?productId=1166299&pps=42,Re'equil Sheer Zinc Tinted Sunscreen Spf 50 Pa+++ 100% Mineral Sunscreen,Re'equil,695.0,660.0,5.0,50.0,g,Zinc Oxide,{},Tinted,Sensitive,"Fragrance, Parabens, SLS",,"SPF 50, Broad spectrum UVA/UVB protection, Dermatologically tested",50,PA+++,4.2,2969.0,"Re'equil Sheer Zinc Tinted Sunscreen with SPF 50 PA+++ is a 100% mineral sunscreen with 25% zinc as the only sunscreen filter. It comes with a universal tint that blends with every skin tone with absolutely zero white cast. It offers broad spectrum UVA, UVB and IR protection. Being a physical sunscreen, it forms a barrier between the harmful sun rays and the topmost layer of your skin.",In Stock,success,2026-08-11T17:13:02.966949+00:00,run_8acbb255
nykaa,25230693,https://www.nykaa.com/eclipse-solaire-active-sunscreen-spf-50-pa-for-all-skin-types-no-white-cast/p/25230693?productId=25230693&pps=28,Eclipse Solaire Active Physical / Mineral Sunscreen SPF 50 PA++++ for All Skin Types No White Cast,Eclipse Solaire,850.0,850.0,15.0,60.0,ml,,{},No White Cast,All,,,"SPF 50, PA++++, No White Cast, Extra 15% Off",50,PA++++,4.3,258.0,"100% Genuine Products. Easy Return Policy for unused products only in case of defects, damages during delivery, missing, or wrong products delivered.",In Stock,success,2026-08-11T17:13:18.149587+00:00,run_8acbb255
nykaa,19243464,https://www.nykaa.com/asaya-dark-spot-fading-sunscreen-spf-50-pa/p/19243464?productId=19243464&pps=55,Asaya In-Vivo Tested Spot Light Depigmenting Sunscreen SPF 50 PA++++ No White Cast,Asaya,499.0,409.0,18.0,50.0,ml,,{},No White Cast,All,,,"SPF 50, PA++++, No White Cast, 18% Off",50,PA++++,4.3,748.0,Asaya In-Vivo Tested Spot Light Depigmenting Sunscreen SPF 50 PA++++ No White Cast,In Stock,success,2026-08-11T17:13:30.358136+00:00,run_8acbb255
nykaa,20714389,https://www.nykaa.com/isdin-fotoultra-active-unify-color-spf-50/p/20714389?productId=20714389&pps=67,ISDIN Fotoultra Active Unify Color SPF 50+ PA ++++,ISDIN,3150.0,3150.0,15.0,50.0,ml,,{},Tinted,,,,"SPF 50+, UVB/UVA Protection, Triple depigmenting action, Lightweight fluid texture, Dermatologically tested",50+,PA++++,4.0,4.0,"Fotoultra Active Unify Color SPF 50+ is a tinted sunscreen that helps reduce and prevent skin spots caused by sun exposure. It offers triple depigmenting action and very high UVB/UVA protection, unifying skin tone and helping to prevent new spots from forming.",In Stock,success,2026-08-11T17:13:38.234485+00:00,run_8acbb255
nykaa,17855262,https://www.nykaa.com/mamaearth-rice-water-dewy-sunscreen/p/17855262?productId=17855262&pps=11,Mamaearth Rice Water Dewy Sunscreen SPF 50 for Tan Protection,Mamaearth,549.0,439.0,20.0,80.0,g,,{},,,,,"SPF 50, Tan Protection, 20% Off",50,,4.3,186.0,Mamaearth Rice Water Dewy Sunscreen SPF 50 for Tan Protection helps protect your skin from harmful UV rays while providing a dewy finish.,In Stock,success,2026-08-11T17:13:48.197414+00:00,run_8acbb255
nykaa,10177307,https://www.nykaa.com/isdin-foto-ultra-100-active-unify-fusion-fluid-spf-50/p/10177307?productId=10177307&pps=68,ISDIN Foto Ultra 100 Active Unify Fusion Fluid SPF 50+,ISDIN,3150.0,3150.0,,50.0,ml,,{},,,,,"SPF 50+ broad-spectrum UVB/UVA protection, Helps prevent the formation of pigmentation spots, Triple depigmenting action to brighten and even skin tone, Fluid texture that melts into the skin, Absorbs quickly for comfortable daily use, Dermatologically tested",50+,,3.9,9.0,"Protect and unify your skin with FotoUltra Active Unify SPF 50+, a high-performance sunscreen designed to help reduce and prevent sun-induced dark spots. With triple depigmenting action and very high UVB/UVA protection, it evens out skin tone and helps prevent new discoloration from forming.",In Stock,success,2026-08-11T17:14:02.155358+00:00,run_8acbb255
nykaa,6059176,https://www.nykaa.com/laneige-radian-c-sun-cream-spf-50-pa/p/6059176?productId=6059176&pps=51,LANEIGE Radian-C Sun Cream SPF 50+ PA++++,LANEIGE,2000.0,1700.0,15.0,50.0,ml,,{},,,,,"SPF 50+, PA++++, 15% Off",50+,PA++++,4.4,556.0,"100% Genuine Products
100% Authentic, directly purchased from LANEIGE.
Easy Return Policy.",In Stock,success,2026-08-11T17:14:12.042507+00:00,run_8acbb255
nykaa,17357500,https://www.nykaa.com/dr-sheth-s-kesar-kojic-acid-sunscreen-spf-50-pa/p/17357500?productId=17357500&pps=34,Dr. Sheth's Kesar & Kojic Sunscreen SPF 50+ PA++++ In-Vivo Tested for Pigmentation-Free Skin(80g),Dr. Sheth's,699.0,629.0,10.0,80.0,g,,{},,,,,"SPF 50+, PA++++, In-Vivo Tested, Pigmentation-Free Skin",50+,PA++++,4.3,10774.0,,In Stock,success,2026-08-11T17:14:19.710485+00:00,run_8acbb255
nykaa,19459744,https://www.nykaa.com/sereko-24h-hydration-sunscreen-spf-50-pa-with-cica-uva-uvb-and-bluelight-protection/p/19459744?productId=19459744&pps=77,"SEREKO 24H Hydration Cica, Hyaluronic Sunscreen SPF 50+ PA++++ Lightweight",SEREKO,599.0,497.0,17.0,50.0,ml,"Cica, Hyaluronic Acid",{},,,,,"SPF 50+, PA++++, Lightweight, Anti-aging",50+,PA++++,4.7,362.0,"SEREKO 24H Hydration Cica, Hyaluronic Sunscreen SPF 50+ PA++++ Lightweight",In Stock,success,2026-08-11T17:14:32.925847+00:00,run_8acbb255
nykaa,12341930,https://www.nykaa.com/dr-sheth-s-ceramide-vitamin-c-sunscreen/p/12341930?productId=12341930&pps=24,Dr. Sheth's Ceramide & Vitamin C Sunscreen SPF 50+ PA++++ In-Vivo Tested for Bright Skin,Dr. Sheth's,499.0,449.0,10.0,50.0,g,,{},,,,,"SPF 50+, PA++++, In-Vivo Tested for Bright Skin",50+,PA++++,4.4,5409.0,,In Stock,success,2026-08-11T17:14:43.316467+00:00,run_8acbb255
nykaa,18815135,https://www.nykaa.com/dot-key-mango-detan-gel-sunscreen/p/18815135?productId=18815135&pps=29,"Dot & Key Mango Detan Gel Sunscreen In-Vivo Tested SPF 50+ PA++++, Oil-Free Formula",Dot & Key,445.0,387.0,13.0,50.0,g,,{},Gel,,,,"SPF 50+, PA++++, Oil-Free, 13% Off",50+,PA++++,4.3,650.0,"100% Genuine Products. Easy Return Policy: Returns/replacements are accepted for unused products only in case of defects, damages during delivery, missing, or wrong products delivered. Return requests can be raised on the 'My Order' section within 15 days of delivery.",In Stock,success,2026-08-11T17:14:54.813797+00:00,run_8acbb255
nykaa,10593377,https://www.nykaa.com/aqualogica-glow-dewy-sunscreen-with-papaya-vitamin-c/p/10593377?productId=10593377&pps=27,"Aqualogica Glow+ Dewy Sunscreen Gel SPF 50+ PA++++, Papaya, Vit C, In-Vivo Tested, APF",Aqualogica,449.0,386.0,14.0,50.0,g,"Papaya, Vitamin C",{},Dewy,All,,,"SPF 50+, PA++++, In-Vivo Tested",50+,PA++++,4.4,8209.0,Aqualogica Glow+ Dewy Sunscreen Gel is designed to provide high-level sun protection while enhancing the skin's natural glow with the help of Papaya and Vitamin C. Perfect for all skin types and dermatologically tested.,In Stock,success,2026-08-11T17:15:06.160534+00:00,run_8acbb255
nykaa,6752052,https://www.nykaa.com/dot-key-cica-calming-niacinamide-sunscreen-spf-50-pa/p/6752052?productId=6752052&pps=21,"Dot & Key Cica Calming Mattifying Sunscreen In-Vivo Tested SPF 50+ PA++++, With Niacinamide",Dot & Key,445.0,387.0,13.0,50.0,g,Niacinamide,{},Matte,All,"Parabens, Sulfates",,"SPF 50, PA++++, Mattifying, In-Vivo Tested",50,PA++++,4.3,2210.0,"A calming and mattifying sunscreen with Niacinamide, suitable for all skin types.",In Stock,success,2026-08-11T17:15:19.812976+00:00,run_8acbb255
nykaa,25051543,https://www.nykaa.com/deconstruct-5percent-vitamin-c-gel-sunscreen-in-vivo-tested-spf-50-pa/p/25051543?productId=25051543&pps=50,"Deconstruct 5% Vitamin C Sunscreen SPF 50 PA++++ (In Vivo), Brightens Skin Tone, New Gen Filters",Deconstruct,449.0,413.0,8.0,50.0,g,"Vitamin C, Carrot Root Extract",{},Gel,"Oily, All",,,"SPF 50, PA++++, Photostable, Oil Control",50,PA++++,4.1,427.0,"Deconstruct Vitamin C Gel Sunscreen SPF 50 PA++++ is designed to deliver high sun protection while supporting brighter, healthier-looking skin. Powered with 5% vitamin C...",In Stock,success,2026-08-11T17:15:29.193392+00:00,run_8acbb255
nykaa,10787966,https://www.nykaa.com/lotus-herbals-whiteglow-skin-whitening-brightening-gel-creme-spf-25-pa/p/10787966?productId=10787966&pps=61,Lotus Herbals WhiteGlow Skin Whitening & Brightening Gel Cream,Lotus Herbals,485.0,373.0,23.0,60.0,g,Niacinamide,{},Gel,All,,,"SPF 25, Brightening, Skin whitening, Contains Niacinamide",25,,4.5,1055.0,"Lotus Herbals WhiteGlow Skin Whitening & Brightening Gel Cream with Niacinamide, suitable for all skin types.",In Stock,success,2026-08-11T17:15:37.479293+00:00,run_8acbb255
nykaa,17414961,https://www.nykaa.com/the-derma-co-pore-minimizing-priming-sunscreen/p/17414961?productId=17414961&pps=70,The Derma Co Pore Minimizing Priming Sunscreen,The Derma Co,599.0,539.0,10.0,80.0,g,,{},,,,,"100% Genuine Products, Easy Return Policy, 10% Off",,,4.2,7284.0,,In Stock,success,2026-08-11T17:15:45.631601+00:00,run_8acbb255
nykaa,16900408,https://www.nykaa.com/beauty-of-joseon-relief-sunscreen-rice-probiotics-spf-50-pa/p/16900408?productId=16900408&pps=2,Beauty Of Joseon Relief Sunscreen Rice + Probiotics SPF 50+ PA++++,Beauty of Joseon,1570.0,1570.0,15.0,50.0,ml,,{},,,,,"SPF 50+, PA++++, Extra 15% Off on your 1st order above ₹2000",50+,PA++++,4.4,1547.0,,In Stock,success,2026-08-11T17:15:53.797199+00:00,run_8acbb255
nykaa,26816662,https://www.nykaa.com/acelabs-lumiere-sun-essence/p/26816662?productId=26816662&pps=12,ACELABS Lumiere Sun Essence,ACELABS,1490.0,1192.0,20.0,50.0,ml,,{},,,,,"SPF 50, Water Resistant, 100% Genuine Products",50,,5.0,3.0,Lumiere Sun Essence provides protection against harmful UV rays and is suitable for daily use. It leaves the skin feeling hydrated and fresh.,In Stock,success,2026-08-11T17:16:08.146230+00:00,run_8acbb255
nykaa,22365389,https://www.nykaa.com/neutrogena-ultrasheer-age-shield-fluid-face-sunscreen-spf50-pa/p/22365389?productId=22365389&pps=40,Neutrogena Ultrasheer Age Shield Fluid Face Sunscreen SPF 50+ PA++++,Neutrogena,999.0,899.0,10.0,40.0,ml,,{},,,,,"SPF 50+, PA++++, 10% Off",50+,PA++++,4.5,729.0,,In Stock,success,2026-08-11T17:16:19.193408+00:00,run_8acbb255
nykaa,13199519,https://www.nykaa.com/dot-key-vitamin-c-e-face-sunscreen-with-spf-50-pa/p/13199519?productId=13199519&pps=7,"Dot & Key Vitamin C + E Super Bright Sunscreen, SPF 50+ PA++++ In-Vivo Tested",Dot & Key,445.0,387.0,13.0,50.0,g,,{},,,,,"SPF 50, PA++++, In-Vivo Tested",50+,PA++++,4.4,7824.0,"Extra 15% Off upto ₹300 on your 1st order above ₹2, see details.",In Stock,success,2026-08-11T17:16:27.331815+00:00,run_8acbb255
nykaa,18020,https://www.nykaa.com/lotus-herbals-safe-sun-3-in-1-matte-look-daily-sun-block-pa-spf-40-18020/p/18020?productId=18020&pps=65,Lotus Herbals Safesun 3In1 Matte Look Tinted Sunscreen SPF 40 PA+++,Lotus Herbals,585.0,527.0,10.0,100.0,g,,{},Matte,,,,"SPF 40, PA+++, In Vivo Tested, Matte Finish",40,PA+++,4.3,2354.0,,In Stock,success,2026-08-11T17:16:34.793064+00:00,run_8acbb255
nykaa,14459866,https://www.nykaa.com/wishcare-vitamin-c-pure-glow-face-sunscreen-spf-50-pa/p/14459866?productId=14459866&pps=4,WishCare Vitamin C Pure Glow Brightening Face Sunscreen for Dry Skin with SPF50 PA++++In-Vivo Tested,WishCare,499.0,389.0,22.0,50.0,g,,{},,Dry,,,"SPF50, PA++++, Brightening",50,PA++++,4.3,663.0,WishCare Vitamin C Pure Glow Brightening Face Sunscreen for Dry Skin with SPF50 PA++++In-Vivo Tested,In Stock,success,2026-08-11T17:16:41.512252+00:00,run_8acbb255
nykaa,8425811,https://www.nykaa.com/re-equil-ultra-matte-dry-touch-sunscreen-gel-spf-50/p/8425811?productId=8425811&pps=23,Re'equil Ultra Matte Dry Touch Sunscreen SPF 50 PA++++ Protect,Re'equil,645.0,613.0,5.0,50.0,g,,{},Matte,,,,"SPF 50, PA++++, 5% Off",50,PA++++,4.4,3976.0,"100% Genuine Products. 100% Authentic, directly purchased from Re'equil. Easy Return Policy.",In Stock,success,2026-08-11T17:16:52.975897+00:00,run_8acbb255
nykaa,9279642,https://www.nykaa.com/mamaearth-vitamin-c-daily-glow-sunscreen/p/9279642?productId=9279642&pps=80,Mamaearth Vitamin C Daily Glow Sunscreen SPF 50 PA+++ for Tan Protection - In-Vivo tested,Mamaearth,499.0,439.0,12.0,80.0,g,,{},,,,,"SPF 50, PA+++",50,PA+++,4.2,11578.0,,In Stock,success,2026-08-11T17:17:07.517251+00:00,run_8acbb255
nykaa,21624678,https://www.nykaa.com/bioderma-cicabio-spf-50-repairing-cream/p/21624678?productId=21624678&pps=15,Bioderma Cicabio SPF 50+ Repairing Cream,Bioderma,1999.0,1999.0,15.0,40.0,ml,,{},,,,,"SPF 50+, Water-resistant, Helps reduce post-scarring hyperpigmentation, Dermatologically tested",50+,PA++++,4.5,17.0,"Bioderma Cicabio SPF 50+ Repairing Cream is a water-resistant formula designed for damaged or weakened skin exposed to the sun. It supports epidermal reconstruction, reduces irritation, and helps prevent post-scarring hyperpigmentation while offering SPF 50+ UVA/UVB protection.",In Stock,success,2026-08-11T17:17:16.220286+00:00,run_8acbb255
nykaa,27963879,https://www.nykaa.com/fixderma-brightening-sunscreen-spf-50-pa-for-men/p/27963879?productId=27963879&pps=10,Fixderma Brightening Sunscreen SPF 50 PA+++ For Men,Fixderma,399.0,359.0,10.0,50.0,g,,{},,All,,,"SPF 50, Broad-spectrum, Non-greasy, Lightweight, Fades dark spots, No white cast",50,PA+++,4.0,2.0,"80% of visible skin aging is triggered by UV and if you are still skipping the use of sunscreen you are increasing the risk of fine lines, dark spots & photoaging. Every skin needs sunscreen for complete UV protection. Even men should use sunscreen daily & protect their skin from sun damage. Fixderma For Men Brightening Sunscreen SPF 50+ is a broad spectrum sunscreen that provides all day UV protection. It is completely safe to use as it is dermatologist prescribed and includes advanced UV Filters that provide long lasting sun protection. It's a sunscreen specially designed for men's skin, so that they wear it daily and keep their skin smooth, nourished & protected.",In Stock,success,2026-08-11T17:17:26.212851+00:00,run_8acbb255
nykaa,566010,https://www.nykaa.com/innisfree-tone-up-no-sebum-sunscreen-spf50-pa/p/566010?productId=566010&pps=48,Innisfree Tone Up No Sebum Sunscreen EX SPF 50+ PA++++ For Oil Control - Matte Finish,Innisfree,1400.0,1260.0,10.0,60.0,ml,,{},Matte,,,,"SPF 50+, PA++++, Oil Control, Matte Finish",50+,PA++++,4.1,655.0,,In Stock,success,2026-08-11T17:17:33.157075+00:00,run_8acbb255
nykaa,12919976,https://www.nykaa.com/hyphen-all-i-need-sunscreen-spf-50-pa/p/12919976?productId=12919976&pps=13,"Hyphen All I Need Sunscreen SPF50 PA++++, Moisturizes, Repairs UV Damage, In-Vivo Tested",Hyphen,449.0,427.0,5.0,50.0,ml,,{},,,,,"SPF50, PA++++, Moisturizes, Repairs UV Damage",50,PA++++,4.2,9620.0,"Hyphen All I Need Sunscreen SPF50 PA++++, Moisturizes, Repairs UV Damage, In-Vivo Tested",In Stock,success,2026-08-11T17:17:43.906834+00:00,run_8acbb255
nykaa,18543656,https://www.nykaa.com/fixderma-shadow-tinted-sunscreen-deep-spf-50-pa-sunscreen/p/18543656?productId=18543656&pps=17,Fixderma Shadow Tinted Sunscreen SPF 50 PA+++ UVA & UVB - Light(30 g),Fixderma,385.0,243.0,37.0,30.0,g,,{},,,,,"SPF 50, PA+++, UVA & UVB Protection, 100% Genuine Products, Easy Return Policy",50,PA+++,4.1,2337.0,The Fixderma Shadow Tinted Sunscreen is designed to provide protection against UVA & UVB rays.,Out Of Stock,success,2026-08-11T17:17:52.083186+00:00,run_8acbb255
nykaa,7954,https://www.nykaa.com/lotus-herbals-safe-sun-daily-multi-function/p/7954?productId=7954&pps=79,Lotus Herbals Safe Sun Daily Multi-Function Sunscreen SPF 70 PA+++,Lotus Herbals,785.0,707.0,10.0,60.0,gm,,{},,,,,"SPF 70, PA+++, 10% Off",70,PA+++,4.4,312.0,100% Genuine Products. Easy Return Policy.,In Stock,success,2026-08-11T17:18:01.705671+00:00,run_8acbb255
nykaa,455180,https://www.nykaa.com/la-shield-fisico-matte-sunscreen-gel-50gm/p/455180?productId=455180&pps=35,La Shield Fisico SPF 50+ PA++++ Mineral Sunscreen No Chemical Filter For Sensitive Skin (50gm),La Shield,750.0,675.0,10.0,50.0,g,,{},,Sensitive,Chemical Filters,,"SPF 50, PA++++, Mineral Sunscreen, No Chemical Filter",50+,PA++++,4.1,11686.0,"100% Genuine Products. 100% Authentic, directly purchased from La Shield. Easy Return Policy: Returns/replacements are accepted for unused products only in case of defects, damages during delivery, missing, or wrong products delivered.",In Stock,success,2026-08-11T17:18:11.613975+00:00,run_8acbb255
nykaa,19524749,https://www.nykaa.com/sereko-weightless-sun-fluid-face-sunscreen-spf-50-pa/p/19524749?productId=19524749&pps=49,Sereko Weightless Sun Fluid Face Sunscreen SPF 50 PA++++,Sereko,799.0,551.0,31.0,50.0,ml,"Kakadu Plum, Ceramides",{},Dewy,"Sensitive, Acne-Prone",Fragrance,,"SPF 50, PA++++, Broad Spectrum Protection, Brightening, Water Resistant",50,PA++++,5.0,1.0,"SEREKO’s Weightless Sun Fluid delivers enhanced sun protection with its lightweight brightening dewy formula that blends seamlessly without leaving a white cast. Clinically proven to reduce stress-related skin issues and shield against UV damage, this fragrance-free sunscreen is suitable for sensitive and acne-prone skin.",In Stock,success,2026-08-11T17:18:25.537559+00:00,run_8acbb255
nykaa,15598597,https://www.nykaa.com/dermatouch-multivitamin-spf-50-pa-sunscreen-gel/p/15598597?productId=15598597&pps=60,Dermatouch Multivitamin SPF 50 PA+++ Sunscreen Gel,Dermatouch,229.0,195.0,15.0,30.0,g,,{},,All,"Toxins, Fragrance",,"SPF 50, PA+++, Anti-aging, Pigmentation reduction, No white cast",50,PA++,4.2,1799.0,"Dermatouch Multivitamin SPF 50 PA++++ Sunscreen Gel is formulated with dermatologically tested and clinically proven actives for broad-spectrum protection against UVA and UVB-induced radiations. This gel helps in reducing sun-caused pigmentation and prevents skin from sun tan and sunspots. This non-greasy formula blends easily with all skin types and leaves no white cast on the skin. It also helps in reducing fine lines and wrinkles, thus preventing premature aging due to sun exposure, and is suitable for both men and women.",In Stock,success,2026-08-11T17:18:53.057432+00:00,run_8acbb255
nykaa,12926744,https://www.nykaa.com/brillare-skin-brightening-sunscreen-spf50-with-niacinamide/p/12926744?productId=12926744&pps=73,Brillare Skin Brightening Sunscreen SPF 50 With Niacinamide,Brillare,895.0,895.0,5.0,50.0,g,"Niacinamide, Arbutin",{},Gel creme,All,"Parabens, Sulfates, Formaledehyde, Petroleum Wax, Mineral Oil, Silicon Oil, Artificial Color, Artificial Fragrance",,"SPF 50, PA++++, Non-comedogenic, 100% Vegan, Cruelty-Free",50,PA++++,4.4,92.0,"Embrace luminous skin with Brillare Skin Brightening Sunscreen SPF50. A remarkable 63% natural formula, enriched with niacinamide and arbutin, is perfect for pigmented skin. This gel creme sunscreen, with SPF 50 and PA++++, safeguards against UVA and UVB rays, preventing sun damage and tanning. The potent duo of niacinamide and arbutin fights dark spots and pigmentation, reducing melanin production. Non-comedogenic and without a white cast, its lightweight gel creme suits all skin types. Revel in broad-spectrum protection, repair against free radicals, and a brighter skin tone.",In Stock,success,2026-08-11T17:19:06.216858+00:00,run_8acbb255
nykaa,10723863,https://www.nykaa.com/deconstruct-sunscreen-lotion-spf-55-and-pa/p/10723863?productId=10723863&pps=32,"Deconstruct Fluid Brightening Sunscreen SPF 50 PA++++, Sunscreen with Niacinamide, Brightens Skin",Deconstruct,399.0,379.0,5.0,50.0,g,Niacinamide,{},,,,,"SPF 50, PA++++, Brightens Skin",50,PA++++,4.1,838.0,"Deconstruct Fluid Brightening Sunscreen SPF 50 PA++++, Sunscreen with Niacinamide, Brightens Skin",In Stock,success,2026-08-11T17:19:14.515050+00:00,run_8acbb255
nykaa,24158,https://www.nykaa.com/lotus-herbals-phyto-rx-skin-firming-anti-ageing-creme-spf-25-pa/p/24158?productId=24158&pps=41,Lotus Professional PhytoRx Skin Anti-Ageing Face Cream SPF 25,Lotus Herbals,965.0,830.0,14.0,50.0,g,,{},,All,"Preservatives, Artificial Fragrance, Artificial Colour",,"SPF 25, Hydrating, Anti-Ageing",25,PA+++,4.4,3043.0,"Lotus Professional Phyto-Rx Skin Firming Anti-Ageing Creme SPF 25 PA+++ is infused with potent organic ingredients that helps reduce the appearance of fine lines and wrinkles with regular use. It helps to relax and diminish the appearance of facial expressions that may lead to the appearance of crow's feet, brow furrow wrinkling, laugh lines, frown lines and other skin creases leaving your skin looking soft, smooth and years younger.",In Stock,success,2026-08-11T17:19:23.230275+00:00,run_8acbb255
nykaa,27963872,https://www.nykaa.com/wishcare-niacinamide-oil-balance-fluid-sunscreen-spf-50-pa/p/27963872?productId=27963872&pps=75,Wishcare Niacinamide Oil Balance Fluid Sunscreen SPF 50 PA++++,Wishcare,699.0,587.0,16.0,80.0,ml,"Niacinamide, Oats Extract, Zinc PCA, CICA, Ceramides",{},Semi Matte,"Oily, Acne-prone, Normal","OMC, Oxybenzone, Fragrance",,"SPF 50, PA++++, Non-greasy, Fragrance-free, Cruelty-free, Vegan",50,PA++++,,,"WishCare Niacinamide Oil Balance Fluid Sunscreen is a power-packed SPF50 PA++++ sunscreen that goes beyond just sun protection. This lightweight SPF contains CICA that calms, Niacinamide and Oil absorbing minerals that control oil and Ceramides that hydrates the skin. It is thoughtfully formulated with non-comedogenic and pH balancing ingredients making it suitable for all skin types. It's semi matte & fluid texture is a treat to apply & reapply on skin that balances oil all day.",In Stock,success,2026-08-11T17:19:32.216032+00:00,run_8acbb255
nykaa,18714194,https://www.nykaa.com/lakme-sun-expert-dry-matte-fluid-spf-50-sunscreen/p/18714194?productId=18714194&pps=46,"Lakme Fluid SPF 50 PA++++ In-Vivo Tested Sunscreen With 1% Niacinamide & Ceramide, for Oily Skin",Lakme,499.0,349.0,30.0,50.0,ml,"Niacinamide, Ceramide",{},,Oily,,,"SPF 50, PA++++, In-Vivo Tested",50,PA++++,4.4,896.0,"Lakme Fluid SPF 50 PA++++ In-Vivo Tested Sunscreen With 1% Niacinamide & Ceramide, for Oily Skin",In Stock,success,2026-08-11T17:19:42.103429+00:00,run_8acbb255
nykaa,23803559,https://www.nykaa.com/earth-rhythm-rosy-ritual-glow-tinted-sunscreen-spf-50-pa-with-vitamin-c-no-oxybenzone/p/23803559?productId=23803559&pps=36,Earth Rhythm Rosy Ritual Glow Tinted Sunscreen In Vivo Tested SPF 50 PA ++++ with Vitamin C -Vanilla,Earth Rhythm,599.0,449.0,25.0,50.0,g,Vitamin C,{},,,,,"SPF 50, PA ++++, 25% Off",50,PA ++++,4.1,2108.0,,Out Of Stock,success,2026-08-11T17:19:50.208163+00:00,run_8acbb255
nykaa,17487555,https://www.nykaa.com/eucerin-pigment-control-fluid-spf50-sunscreen/p/17487555?productId=17487555&pps=26,Eucerin Pigment Control Sunscreen Fluid SPF50+,Eucerin,1800.0,1530.0,15.0,50.0,ml,Thiamidol,{},Non-sticky,All,,,"SPF 50+, 15% Off",50+,,4.4,672.0,Eucerin Pigment Control Sunscreen Fluid SPF50+ has Thiamidol to prevent and reduce dark spots. It is non-sticky.,In Stock,success,2026-08-11T17:20:00.583439+00:00,run_8acbb255
nykaa,17848588,https://www.nykaa.com/foxtale-spf-70-pa-mattifying-sunscreen-with-niacinamide-provitamin-b5-vitamin-e/p/17848588?productId=17848588&pps=39,Foxtale SPF 70 Gel-Cream Sunscreen for Oily Skin with PA++++ & Niacinamide,Foxtale,495.0,401.0,19.0,50.0,ml,"Niacinamide, Provitamin B5, Vitamin E",{},Gel-Cream,Oily,,,"SPF 70, PA++++, 19% Off",70,PA++++,4.4,923.0,Foxtale SPF 70 Gel-Cream Sunscreen for Oily Skin with PA++++ & Niacinamide.,In Stock,success,2026-08-11T17:20:13.241463+00:00,run_8acbb255
nykaa,23326355,https://www.nykaa.com/la-roche-posay-anthelios-uvmune-anti-dark-spot-fluid-spf-50-sunscreen-with-melasyl/p/23326355?productId=23326355&pps=16,La Roche-Posay Anthelios UVMUNE400 Anti-Dark Spot Fluid SPF50+ Sunscreen with Melasyl for pigmented skin,La Roche-Posay,1499.0,1499.0,15.0,50.0,ml,,{},,Pigmented,,,"SPF 50+, Anti-Dark Spot, For Pigmented Skin",50+,,4.5,1366.0,Anthelios UVMUNE400 Anti-Dark Spot Fluid SPF50+ Sunscreen with Melasyl for pigmented skin,In Stock,success,2026-08-11T17:20:20.707906+00:00,run_8acbb255
nykaa,25470819,https://www.nykaa.com/swiss-beauty-care-dew-lock-sunscreen-spf-50-pa-with-1percent-hyaluronic-acid/p/25470819?productId=25470819&pps=14,Swiss Beauty Care Dew Lock Sunscreen SPF 50 PA+++ With 1% Hyaluronic Acid,Swiss Beauty,299.0,269.0,10.0,50.0,g,Hyaluronic Acid,{},Dewy,All,,,"SPF 50, PA+++, 10% Off",50,PA+++,4.8,24.0,Swiss Beauty Care Dew Lock Sunscreen SPF 50 PA+++ with 1% Hyaluronic Acid offers protection against harmful UV rays while keeping the skin hydrated.,In Stock,success,2026-08-11T17:20:33.346511+00:00,run_8acbb255
nykaa,23258333,https://www.nykaa.com/the-sass-bar-freshly-toasted-sheer-setting-spf-face-body-mist/p/23258333?productId=23258333&pps=18,The Sass Bar Freshly Toasted Sheer Setting SPF Face & Body Mist,The Sass Bar,650.0,650.0,15.0,50.0,ml,"Ascorbic Acid, Coconut Water, Licorice Extract, Rose Water Extract, Niacinamide, Vitamin E",{},Glow,All,Fragrance-Free,,"SPF 50, Cooling Sensation, Makeup Setting Power, No White Cast",50,PA++++,4.2,9.0,Say goodbye to boring sunscreens and hello to your all-in-one glow-getter! Freshly Toasted is not your average SPF - it's your ultimate skin BFF!,In Stock,success,2026-08-11T17:20:40.772260+00:00,run_8acbb255
purplle,dot-and-key-strawberry-dew-tinted-sunscreen-spf-50-01-porecelain-50ml-49,https://www.purplle.com/product/dot-and-key-strawberry-dew-tinted-sunscreen-spf-50-01-porecelain-50ml-49,"Dot & Key Strawberry Dew Tinted Sunscreen SPF 50++++ 01 Porecelain In Vivo Tested Sunscreen for Daily Wear, Brightens & Protects Skin - 50 ml",Dot & Key,549.0,489.0,11.0,50.0,ml,,{},,,,,"SPF 50++++, In Vivo Tested, Brightens, Protects",50++++,,4.4,570.0,,In Stock,success,2026-08-11T17:21:06.512204+00:00,run_8acbb255
purplle,lakme-5-percentage-niacinamide-and-vit-c-water-light-sunscreen-gel-spf-50-pa-for-oily-skin-2x-glow-56-gm,https://www.purplle.com/product/lakme-5-percentage-niacinamide-and-vit-c-water-light-sunscreen-gel-spf-50-pa-for-oily-skin-2x-glow-56-gm,Lakme 5% Niacinamide & VIT C water-light Sunscreen gel,Lakme,499.0,449.0,10.0,56.0,gm,"Niacinamide, Vitamin C",{},Water-light,Oily,,,"SPF 50, PA++++, In-Vivo tested, 2X Glow",50,PA++++,4.3,239.0,"Lakme 5% Niacinamide & VIT C water-light Sunscreen gel offers excellent sun protection with added benefits of niacinamide and vitamin C, promising a glow up for your skin.",In Stock,success,2026-08-11T17:21:14.421354+00:00,run_8acbb255
purplle,dot-and-key-vitamin-c-e-super-bright-sunscreen-spf-50-pa-50-g-51,https://www.purplle.com/product/dot-and-key-vitamin-c-e-super-bright-sunscreen-spf-50-pa-50-g-51,Dot & Key Vitamin C + E Super Bright Sunscreen SPF 50+ PA++++,Dot & Key,445.0,387.0,13.0,50.0,g,"Vitamin C, Watermelon, CICA, Blueberry, Lime",{},WaterLight,All,No White Cast,,"SPF 50+, PA++++, In-Vivo Tested, No White Cast",50+,PA++++,4.3,6754.0,"Dot & Key Vitamin C + E Super Bright Sunscreen SPF 50+ PA++++, In-Vivo Tested Sunscreen for Even Toned & Glowing Skin | No White Cast, WaterLight 50 gm",In Stock,success,2026-08-11T17:21:24.762082+00:00,run_8acbb255
purplle,garnier-super-uv-invisible-serum-sunscreen-spf50-pa-lightweight-serum-sunscreen-with-vitamin-c-no-white-cast-suitable-for-all-skin-types-unisex-30-gm,https://www.purplle.com/product/garnier-super-uv-invisible-serum-sunscreen-spf50-pa-lightweight-serum-sunscreen-with-vitamin-c-no-white-cast-suitable-for-all-skin-types-unisex-30-gm,Garnier Super UV Invisible Serum Sunscreen SPF 50 PA++++,Garnier,349.0,230.0,34.0,30.0,ml,Vitamin C,{},Invisible,"Oily, Dry, Acne-prone, All",No White Cast,,"SPF 50, PA++++, Lightweight, Broad Spectrum",50,PA++++,4.1,251.0,"Garnier Super UV Invisible Serum Sunscreen SPF 50 PA++++ is lightweight and contains Vitamin C. Suitable for all skin types including oily, dry, and acne-prone. Provides broad spectrum protection without leaving a white cast.",In Stock,success,2026-08-11T17:21:35.310383+00:00,run_8acbb255
purplle,hyphen-dark-spot-reset-kit-advanced-de-pigmentation-serum-30-ml-all-i-need-sunscreen-30-ml-combo-of-2,https://www.purplle.com/product/hyphen-dark-spot-reset-kit-advanced-de-pigmentation-serum-30-ml-all-i-need-sunscreen-30-ml-combo-of-2,Hyphen Dark Spot Reset Kit Advanced De- Pigmentation Serum 30 ml + All I Need Sunscreen 30 ml Combo of 2,Hyphen,964.0,964.0,,30.0,ml,,{},,,,,,,,,,,In Stock,success,2026-08-11T17:21:42.872371+00:00,run_8acbb255
purplle,mamaearth-vitamin-c-sunscreen-body-lotion-spf-30-with-vitamin-c-and-honey-for-radiant-skin-300-ml-40,https://www.purplle.com/product/mamaearth-vitamin-c-sunscreen-body-lotion-spf-30-with-vitamin-c-and-honey-for-radiant-skin-300-ml-40,"Mamaearth Vitamin C Sunscreen Body Lotion with Vitamin C, Honey, SPF 30 For Radiant Skin",Mamaearth,399.0,351.0,12.0,300.0,ml,"Vitamin C, Honey",{},,,,,"SPF 30, Radiant Skin, 12% off",30,,4.2,187.0,"Mamaearth Vitamin C Sunscreen Body Lotion with Vitamin C, Honey, SPF 30 For Radiant Skin - 300 ml",In Stock,success,2026-08-11T17:21:50.635729+00:00,run_8acbb255
purplle,foxtale-essentials-brightening-spf-50-sunscreen-with-vitamin-c-and-niacinamide-uva-and-uvb-filters-no-white-cast-non-greasy-formula-anti-tan-formula-men-and-women-50-ml-14-11,https://www.purplle.com/product/foxtale-essentials-brightening-spf-50-sunscreen-with-vitamin-c-and-niacinamide-uva-and-uvb-filters-no-white-cast-non-greasy-formula-anti-tan-formula-men-and-women-50-ml-14-11,"Foxtale Glow Sunscreen with Vitamin C & Niacinamide SPF 50 PA++++, In-Vivo Tested, for Dewy Glow",Foxtale,375.0,319.0,15.0,50.0,ml,"Vitamin C, Niacinamide",{},Dewy,All,,,"SPF 50, PA++++, In-Vivo Tested, No White Cast, Non-greasy Formula, Anti-tan Formula",50,PA++++,4.3,2995.0,,In Stock,success,2026-08-11T17:21:59.479636+00:00,run_8acbb255
purplle,dermdoc-ultra-light-spf-30-daily-glow-sunscreen-50-gm-16-97-77,https://www.purplle.com/product/dermdoc-ultra-light-spf-30-daily-glow-sunscreen-50-gm-16-97-77,DERMDOC SPF 50 Ultra Light SPF Daily Glow Sunscreen (70 gm) | 50 gm + Extra 20 gm Free |With Hyaluronic Acid & Niacinamide | Face Sunscreen | Lightweight | Non-Greasy | 0 White Cast | Oily Skin Friendly | Sunblock | PA+++ | Non-Comedogenic,DERMDOC,350.0,266.0,24.0,70.0,gm,"Hyaluronic Acid, Niacinamide",{},Lightweight,Oily Skin,Non-Comedogenic,,"SPF 50, PA+++, Non-Greasy, 0 White Cast, Oily Skin Friendly",50,PA+++,4.2,1367.0,"Lightweight sunscreen with hyaluronic acid and niacinamide, suitable for oily skin.",In Stock,success,2026-08-11T17:22:09.468902+00:00,run_8acbb255
purplle,dermdoc-niacinamide-csms-routine-combo-of-4,https://www.purplle.com/product/dermdoc-niacinamide-csms-routine-combo-of-4,DERMDOC Niacinamide CSMS Routine Combo,DERMDOC,1360.0,1047.0,23.0,60.0,gm,Niacinamide,{},,,,,"SPF 50, PA+++, Save ₹313",50,PA+++,,,"Includes Niacinamide Face Wash 120 ml, Niacinamide Serum 15 ml, Niacinamide Day Cream 50 gm, Ultra Violet Brightening Sunscreen SPF 50 PA+++ 60 gm",In Stock,success,2026-08-11T17:22:17.565974+00:00,run_8acbb255
purplle,mamaearth-sun-glow-duo-ultra-light-indian-sunscreen-80-ml-vitamin-c-sunscreen-50-g-1,https://www.purplle.com/product/mamaearth-sun-glow-duo-ultra-light-indian-sunscreen-80-ml-vitamin-c-sunscreen-50-g-1,Mamaearth Sun Glow Duo: Ultra Light Indian Sunscreen (80 ml) + Vitamin C Sunscreen (50 gm),Mamaearth,848.0,602.0,29.0,80.0,ml,,{},,,,,,,,,262.0,Mamaearth Sun Glow Duo: Ultra Light Indian Sunscreen (80 ml) + Vitamin C Sunscreen (50 gm),In Stock,success,2026-08-11T17:22:24.225653+00:00,run_8acbb255
purplle,plix-pineapple-dewy-sunscreen-spf-50-pa-with-suncat-de-2-percentage-alpha-arbutin-and-aquaxyl-broad-spectrum-uva-uvb-protection-fades-dark-spots-and-prevents-photoageing-45-gm-36,https://www.purplle.com/product/plix-pineapple-dewy-sunscreen-spf-50-pa-with-suncat-de-2-percentage-alpha-arbutin-and-aquaxyl-broad-spectrum-uva-uvb-protection-fades-dark-spots-and-prevents-photoageing-45-gm-36,"PLIX Pineapple Dewy Sunscreen SPF 50 PA+++ | With SunCat DE™, 2% Alpha Arbutin & Aquaxyl™ | Broad Spectrum UVA/UVB Protection | Fades Dark Spots & Prevents Photoageing",Plix,325.0,295.0,9.0,45.0,gm,"SunCat DE™, 2% Alpha Arbutin, Aquaxyl™",{},Dewy,All,,,"SPF 50, PA+++, Broad Spectrum UVA/UVB Protection, Fades Dark Spots, Prevents Photoageing",50,PA+++,3.5,17.0,"Plix Pineapple Dewy Sunscreen SPF 50 PA+++ | With SunCat DE™, 2% Alpha Arbutin & Aquaxyl™ | Broad Spectrum UVA/UVB Protection | Fades Dark Spots & Prevents Photoageing | 45 gm",In Stock,success,2026-08-11T17:22:35.258639+00:00,run_8acbb255
purplle,good-vibes-cica-brightening-glow-sunscreen-50-gm,https://www.purplle.com/product/good-vibes-cica-brightening-glow-sunscreen-50-gm,Good Vibes CICA Brightening Glow Sunscreen SPF 50 PA++++,Good Vibes,240.0,175.0,27.0,50.0,g,"Cica Extract, 3% Niacinamide, Hyaluronic Acid",{},Lightweight Aqua Gel,"All, Oily","Fragrance-Free, No White Cast",,"Brightening Sunscreen, Non-Greasy, Fragrance-Free, No White Cast, Suitable for All Skin Types, Suitable for Oily Skin",50,PA++++,4.3,5577.0,"Good Vibes CICA Brightening Glow Sunscreen SPF 50 PA++++ with Cica Extract, 3% Niacinamide, & Hyaluronic Acid is a brightening sunscreen in a lightweight aqua gel formula that is non-greasy and suitable for all skin types, particularly oily skin.",In Stock,success,2026-08-11T17:22:54.946883+00:00,run_8acbb255
purplle,good-vibes-vitamin-c-daily-brightening-glow-sunscreen-50-gm,https://www.purplle.com/product/good-vibes-vitamin-c-daily-brightening-glow-sunscreen-50-gm,Good Vibes Vitamin C SPF 50 PA++++ Sunscreen,Good Vibes,240.0,175.0,27.0,50.0,gm,"Niacinamide, Hyaluronic Acid",{},Lightweight & Non-Sticky,All,No White Cast,,"SPF 50, PA++++, Brightening, Hydrating, No White Cast, Lightweight, Non-Sticky, Daily Glow Sun Protection",50,PA++++,4.3,683.0,"Good Vibes Vitamin C SPF 50 PA++++ Sunscreen | Brightening & Hydrating | 3% Niacinamide + Hyaluronic Acid | No White Cast, Lightweight & Non-Sticky | Daily Glow Sun Protection For All Skin Types – 50 gm",In Stock,success,2026-08-11T17:23:04.155333+00:00,run_8acbb255
purplle,mamaearth-sun-glow-essentials-vitamin-c-sunscreen-pack-of-2-2-x-50-g,https://www.purplle.com/product/mamaearth-sun-glow-essentials-vitamin-c-sunscreen-pack-of-2-2-x-50-g,Mamaearth Sun Glow Essentials: Vitamin C Sunscreen - Pack of 2 (2 x 50 gm),Mamaearth,698.0,454.0,35.0,100.0,gm,,{},,,,,"SPF 50, PA+++, 35% off",50,PA++,4.0,2671.0,,In Stock,success,2026-08-11T17:23:11.946449+00:00,run_8acbb255
purplle,dr-sheth-s-vitamin-c-care-combo-of-3-ceramide-and-vitamin-c-oil-free-moisturizer-50-gm-ceramide-and-vitamin-c-face-wash-100-gm-ceramide-and-vitamin-c-sunscreen-spf-50-pa-30-gm,https://www.purplle.com/product/dr-sheth-s-vitamin-c-care-combo-of-3-ceramide-and-vitamin-c-oil-free-moisturizer-50-gm-ceramide-and-vitamin-c-face-wash-100-gm-ceramide-and-vitamin-c-sunscreen-spf-50-pa-30-gm,Dr. Sheth's Vitamin C Care Combo of 3 (Ceramide & Vitamin C Oil-Free Moisturizer – 50 gm + Ceramide & Vitamin C Face Wash – 100 gm + Ceramide & Vitamin C Sunscreen SPF 50+ PA++++ – 30 gm),Dr. Sheth's,997.0,648.0,35.0,50.0,gm,,{},,,,,"SPF 50+, PA++++, Oil-Free",50+,PA++++,,,,In Stock,success,2026-08-11T17:23:23.844266+00:00,run_8acbb255
purplle,dermdoc-niacinamide-brightening-skincare-kit-1-pc-51,https://www.purplle.com/product/dermdoc-niacinamide-brightening-skincare-kit-1-pc-51,"DERMDOC Niacinamide Brightening Kit | 5-Step Routine for Clearer & Brighter Skin | Face Wash, Serum, Day Cream, Sunscreen & Lip Balm",DERMDOC,799.0,549.0,31.0,5.0,pcs,Niacinamide,{},,All,,,"Pack of 5, Reduces Dark Spots, Improves Uneven Skin Tone",,,4.1,152.0,5-Step Routine for Clearer & Brighter Skin,In Stock,success,2026-08-11T17:23:31.344543+00:00,run_8acbb255
purplle,dr-sheth-s-kesar-and-kojic-acid-sunscreen-spf-50-pa-one-step-routine-for-pigmentation-free-skin,https://www.purplle.com/product/dr-sheth-s-kesar-and-kojic-acid-sunscreen-spf-50-pa-one-step-routine-for-pigmentation-free-skin,Dr. Sheth's Kesar & Kojic Acid Sunscreen SPF 50+ Pa++++,Dr. Sheth's,299.0,199.0,33.0,30.0,gm,,{},Lightweight & Non Greasy,All,No White Cast,,"SPF 50+, PA++++, In-Vivo Tested, For Pigmentation-Free Skin, For UVA/UVB & Blue Light & IR Protection, No White Cast, For All Skin Types, For Men & Women",50+,PA++++,4.0,266.0,"Lightweight & Non Greasy, Designed for all skin types.",In Stock,success,2026-08-11T17:23:39.889609+00:00,run_8acbb255
purplle,dr-sheth-s-ceramide-and-vitamin-c-sunscreen-spf-50-pa-one-step-routine-for-healthy-and-bright-skin-non-sticky-no-white-cast-i-non-greasy-quick-absorbing-zero-white-cast-for-women-and-men-uva-uvb-sun-protection-30g,https://www.purplle.com/product/dr-sheth-s-ceramide-and-vitamin-c-sunscreen-spf-50-pa-one-step-routine-for-healthy-and-bright-skin-non-sticky-no-white-cast-i-non-greasy-quick-absorbing-zero-white-cast-for-women-and-men-uva-uvb-sun-protection-30g,Dr. Sheth's Ceramide & Vitamin C Sunscreen SPF 50+ PA++++,Dr. Sheth's,299.0,199.0,33.0,30.0,gm,,{},Non Greasy,All,,,"SPF 50+, PA++++, In-Vivo Tested, No white cast, Lightweight, For All Skin Types",50+,PA++++,4.3,4114.0,"Ceramide & Vitamin C Sunscreen for healthy and bright skin with UV protection, non-sticky and quick-absorbing formula.",In Stock,success,2026-08-11T17:23:52.464817+00:00,run_8acbb255
purplle,dr-sheth-s-kesar-and-kojic-acid-sunscreen-spf-50-pa-50g,https://www.purplle.com/product/dr-sheth-s-kesar-and-kojic-acid-sunscreen-spf-50-pa-50g,Dr. Sheth's Kesar & Kojic Acid Sunscreen SPF 50+ PA++++,Dr. Sheth's,499.0,439.0,12.0,50.0,gm,"Kesar, Kojic Acid",{},No White Cast,"Oily, Acne-prone",,,"SPF 50+, PA++++, No White Cast, Reduces pigmentation",50+,PA++++,4.3,306.0,"Dr. Sheth's Kesar & Kojic Acid Sunscreen is designed for oily-acne prone skin, offering sun protection while helping to reduce pigmentation and promote an even skin tone.",In Stock,success,2026-08-11T17:24:04.076878+00:00,run_8acbb255
purplle,minimalist-spf-50-sunscreen-30gm-14,https://www.purplle.com/product/minimalist-spf-50-sunscreen-30gm-14,Minimalist SPF 50 Sunscreen 30 gm,Minimalist,249.0,199.0,20.0,30.0,gm,,{},,,,,"SPF 50, 20% off, Best Before: 30 Mar 2028, In Face Sunscreen Best Seller",50,,4.1,3868.0,,In Stock,success,2026-08-11T17:24:11.077226+00:00,run_8acbb255
purplle,faces-canada-strobe-serum-mini-15-ml,https://www.purplle.com/product/faces-canada-strobe-serum-mini-15-ml,FACES CANADA Strobe Serum Mini,FACES CANADA,349.0,303.0,13.0,15.0,ml,Niacinamide,{},,,,,"SPF 30, Brightening, Removes Dark Spots, Hyperpigmentation, Instant Glow",30,,4.5,53.0,Brigtening Serum + Strobe Cream + SPF 30 Sunscreen | 10% Niacinamide | Removes Dark Spots & Hyperpigmentation | GlowLift Complex | Instant Glow,In Stock,success,2026-08-11T17:24:18.715819+00:00,run_8acbb255
purplle,aqualogica-glow-dewy-sunscreen-12,https://www.purplle.com/product/aqualogica-glow-dewy-sunscreen-12,Aqualogica Glow+ Dewy Lightweight Sunscreen Gel SPF 50+ PA++++ with Papaya & Vitamin C,Aqualogica,449.0,382.0,15.0,50.0,gm,"Papaya, Vitamin C",{},Lightweight,All,,,"SPF 50+, PA++++",50+,PA++++,4.3,8549.0,Aqualogica Glow+ Dewy Lightweight Sunscreen Gel SPF 50+ PA++++ with Papaya & Vitamin C,In Stock,success,2026-08-11T17:24:26.524668+00:00,run_8acbb255
purplle,dermdoc-4-percentage-niacinamide-with-spf-50-pa-brightening-sunscreen-60-gm-m-10-12-35,https://www.purplle.com/product/dermdoc-4-percentage-niacinamide-with-spf-50-pa-brightening-sunscreen-60-gm-m-10-12-35,DERMDOC 4% Niacinamide Ultra Violet Brightening Sunscreen with SPF 50 PA+++,DERMDOC,425.0,357.0,16.0,60.0,gm,Niacinamide,{},Purple Tinted,Oily,,,"SPF 50, PA+++, Brightening, UV Protection, Shine Formula",50,PA+++,4.3,12590.0,Sunscreen for Oily Skin with Brightening and UV Protection,In Stock,success,2026-08-11T17:24:35.616569+00:00,run_8acbb255
purplle,dot-and-key-vitamin-c-e-100-percentage-mineral-sunscreen-spf-50-pa-50-gm,https://www.purplle.com/product/dot-and-key-vitamin-c-e-100-percentage-mineral-sunscreen-spf-50-pa-50-gm,"Dot & Key Vitamin C + E 100% Mineral Sunscreen In-Vivo Tested SPF 50+ PA++++, No White Cast",Dot & Key,649.0,597.0,8.0,50.0,gm,,{},No White Cast,,,,"SPF 50+, PA++++, No White Cast",50+,PA++++,,2392.0,,In Stock,success,2026-08-11T17:24:42.638770+00:00,run_8acbb255
purplle,asaya-aqua-dew-sunscreen-spf-50-pa-in-vivo-tested-uva-uvb-protection-no-white-cast-ultra-light-water-sunscreen-50-ml-pack-of-2,https://www.purplle.com/product/asaya-aqua-dew-sunscreen-spf-50-pa-in-vivo-tested-uva-uvb-protection-no-white-cast-ultra-light-water-sunscreen-50-ml-pack-of-2,Asaya Aqua Dew Sunscreen SPF 50 PA+++,Asaya,798.0,599.0,25.0,50.0,ml,,{},Ultra Light Water,All,,,"SPF 50, In Vivo Tested, UVA/UVB Protection, No White Cast, Ultra Light Water Sunscreen",50,PA+++,,,Asaya Aqua Dew Sunscreen SPF 50 PA+++ offers UVA/UVB protection with no white cast and is an ultra-light water sunscreen available in a 50 ml pack of 2.,In Stock,success,2026-08-11T17:24:50.013725+00:00,run_8acbb255
purplle,ponds-sunscreen-gel-spf-50-pa-with-1-percentage-niacinamide-c-serum-for-uva-b-matte-finish-no-white-cast-even-toned-skin-50gm,https://www.purplle.com/product/ponds-sunscreen-gel-spf-50-pa-with-1-percentage-niacinamide-c-serum-for-uva-b-matte-finish-no-white-cast-even-toned-skin-50gm,"PONDS SUNSCREEN GEL SPF 50 PA+++ with 1% Niacinamide C serum for UVA/B, matte finish, No white cast, Even toned skin, 50 gm",PONDS,339.0,305.0,10.0,50.0,gm,Niacinamide,{},Matte,,,,"SPF 50, PA+++, 1% Niacinamide, Matte finish, No white cast, Even toned skin",50,PA+++,4.2,513.0,,In Stock,success,2026-08-11T17:25:02.360630+00:00,run_8acbb255
purplle,dermdoc-complete-niacinamide-skincare-routine-kit-niacinamide-face-wash-120-ml-niacinamide-skin-repair-tonic-spray-100-ml-niacinamide-serum-15-ml-niacinamide-day-cream-50-gm-ultra-violet-brightening-sunscreen-with-spf-50-pa-60-gm-combo-of-5,https://www.purplle.com/product/dermdoc-complete-niacinamide-skincare-routine-kit-niacinamide-face-wash-120-ml-niacinamide-skin-repair-tonic-spray-100-ml-niacinamide-serum-15-ml-niacinamide-day-cream-50-gm-ultra-violet-brightening-sunscreen-with-spf-50-pa-60-gm-combo-of-5,DERMDOC Complete Niacinamide Skincare Routine Kit,DERMDOC,1620.0,1231.0,24.0,5.0,items,Niacinamide,{},,,,,"SPF 50, Brightening, Niacinamide",50,PA+++,,,"Complete Skincare Routine Kit includes Niacinamide Face Wash 120 ml, Niacinamide Skin Repair Tonic Spray 100 ml, Niacinamide Serum 15 ml, Niacinamide Day Cream 50 gm, Ultra Violet Brightening Sunscreen with SPF 50 PA+++ 60 gm.",In Stock,success,2026-08-11T17:25:10.990402+00:00,run_8acbb255
purplle,wishcare-niacinamide-oil-balance-sunscreen-spf-50-pa-light-and-matte-sunscreen-for-oily-skin,https://www.purplle.com/product/wishcare-niacinamide-oil-balance-sunscreen-spf-50-pa-light-and-matte-sunscreen-for-oily-skin,WishCare Niacinamide Oil Balance Fluid Sunscreen SPF 50 PA++++,WishCare,499.0,399.0,20.0,50.0,ml,Niacinamide,{},Light & Matte,"Oily, Combination",No White Cast,,"SPF 50, PA++++, In-Vivo Tested, 8hrs+ UVA/UVB Protection, Dermat Approved, No White Cast",50,PA++++,4.4,974.0,Light & Matte Sunscreen for Oily and Combination Skin,In Stock,success,2026-08-11T17:25:17.818530+00:00,run_8acbb255
purplle,plum-2-percentage-niacinamide-and-rice-water-hybrid-face-sunscreen-with-spf-50-pa-no-white-cast-74,https://www.purplle.com/product/plum-2-percentage-niacinamide-and-rice-water-hybrid-face-sunscreen-with-spf-50-pa-no-white-cast-74,"Plum 2% Niacinamide Sunscreen SPF 50 PA+++ With Rice Water - No White Cast, Brightens, Dermat-Tested",Plum,399.0,347.0,13.0,50.0,gm,"Niacinamide, Rice Water",{},No White Cast,All,,,"SPF 50, PA+++",50,PA+++,4.2,2880.0,"Plum 2% Niacinamide Sunscreen SPF 50 PA+++ With Rice Water - No White Cast, Brightens, Dermat-Tested.",In Stock,success,2026-08-11T17:25:25.844465+00:00,run_8acbb255
purplle,dr-sheth-s-sun-care-and-hydration-combo-o-2-ceramide-and-vitamin-c-sunscreen-spf-50-pa-30-gm-ceramide-and-vitamin-c-oil-free-moisturizer-50-gm,https://www.purplle.com/product/dr-sheth-s-sun-care-and-hydration-combo-o-2-ceramide-and-vitamin-c-sunscreen-spf-50-pa-30-gm-ceramide-and-vitamin-c-oil-free-moisturizer-50-gm,Dr. Sheth's Sun Care & Hydration Combo of 2,Dr. Sheth's,648.0,454.0,30.0,30.0,gm,"Ceramide, Vitamin C",{},,,,,"SPF 50+, PA++++",50+,PA++++,,,Ceramide & Vitamin C Sunscreen SPF 50+ PA++++ – 30 gm + Ceramide & Vitamin C Oil-Free Moisturizer – 50 gm,In Stock,success,2026-08-11T17:25:36.584985+00:00,run_8acbb255
nykaa,449625,https://www.nykaa.com/lakme-sun-expert-ultra-matte-spf-30-pa-lotion/p/449625?productId=449625&pps=56,Lakme Sun Expert SPF 30 PA++ Ultra Matte Sunscreen with Vitamin B3,Lakme,320.0,288.0,10.0,50.0,ml,Vitamin B3,{},Matte,All,,,"SPF 30, PA++, 10% Off",30,PA++,4.3,632.0,Lakme Sun Expert SPF 30 PA++ Ultra Matte Sunscreen with Vitamin B3(50ml),In Stock,success,2026-08-11T17:34:57.328303+00:00,run_9bf4d5db
nykaa,23326356,https://www.nykaa.com/la-roche-posay-mela-b3-spf-30-anti-dark-spots-moisturiser-broad-spectrum-sunscreen-with-melasyl/p/23326356?productId=23326356&pps=52,"La Roche-Posay Mela B3 SPF30, Anti-Dark Spots Moisturiser & Broad-Spectrum Sunscreen with Melasyl",La Roche-Posay,1950.0,1950.0,15.0,40.0,ml,,{},,,,,"SPF 30, Anti-Dark Spots, Broad-Spectrum Sunscreen",30,,4.4,62.0,"100% Genuine Products, Authentic, directly purchased from La Roche-Posay. Easy Return Policy available.",In Stock,success,2026-08-11T17:35:12.212018+00:00,run_9bf4d5db
nykaa,18395822,https://www.nykaa.com/52-sundaze-spf-50-rice-water-sun-mist/p/18395822?productId=18395822&pps=71,52 Sundaze Rice Water Sunscreen Mist SPF 50+ PA++++,52 Sundaze,799.0,690.0,14.0,100.0,ml,,{},,,,,"SPF 50+, PA++++",50+,PA++++,4.6,208.0,A lightweight sunscreen mist with rice water for hydration and sun protection. Perfect for on-the-go application.,In Stock,success,2026-08-11T17:35:20.455019+00:00,run_9bf4d5db
nykaa,14787698,https://www.nykaa.com/renee-cosmetics-pore-minimizing-sunscreen-spf-70/p/14787698?productId=14787698&pps=76,RENEE Pore Minimising Sunscreen SPF 70,Renee Cosmetics,325.0,289.0,11.0,50.0,ml,,{},,,,,"SPF 70, 11% Off",70,,4.3,204.0,,In Stock,success,2026-08-11T17:35:29.952260+00:00,run_9bf4d5db
nykaa,739946,https://www.nykaa.com/lakme-sun-expert-tinted-sunscreen-50-spf/p/739946?productId=739946&pps=5,"Lakme Tinted Sunscreen with Niacinamide for Even Tone Skin, SPF 50 PA+++, No White Cast",Lakme,699.0,489.0,30.0,100.0,ml,Niacinamide,{},No White Cast,All,,,"SPF 50, PA+++, No White Cast, 30% Off",50,PA+++,4.3,1183.0,"Lakme Tinted Sunscreen with Niacinamide for Even Tone Skin, SPF 50 PA+++, No White Cast",In Stock,success,2026-08-11T17:35:40.170114+00:00,run_9bf4d5db
nykaa,14517974,https://www.nykaa.com/hyphen-ultra-light-water-sunscreen-spf-50-pa/p/14517974?productId=14517974&pps=58,Hyphen Ultra Light Water Sunscreen SPF 50 PA++++,Hyphen,549.0,522.0,5.0,50.0,ml,,{},,,,,"SPF 50, 100% Genuine Products, Easy Return Policy",50,PA++++,4.3,1104.0,,In Stock,success,2026-08-11T17:35:47.394184+00:00,run_9bf4d5db
nykaa,9166040,https://www.nykaa.com/dot-key-i-beauty-csms-vitamin-c-bestseller-combo/p/9166040?productId=9166040&pps=30,Dot & Key CSMS Vitamin C Bestseller Combo,Dot & Key,1734.0,1387.0,20.0,1.0,combo,"Vitamin C, Vitamin E, Niacinamide, Lactic Acid, Blood Orange extract, Rosehip Seed Oil",{},Cream,"All, Combination","Paraben-Free, Cruelty-Free, Vegan",,"SPF 50+, Vegan, Paraben-Free, Cruelty-Free, Hydrating, Brightening, Fades Dark Spots",50+,PA++++,4.3,13500.0,"Dot & Key I-Beauty CSMS Vitamin C Bestseller Combo Contains a daily brightening moisturizer, face serum, sunscreen, and foaming face wash. Designed to brighten dull skin and reduce dark spots while providing hydration and environmental protection.",In Stock,success,2026-08-11T17:35:59.884067+00:00,run_9bf4d5db
nykaa,27108586,https://www.nykaa.com/the-derma-co-1percent-hyaluronic-sunscreen-oil-free-gel-with-spf-50-pa-for-oily-in-vivo-tested/p/27108586?productId=27108586&pps=31,The Derma Co 1% Hyaluronic Sunscreen Oil-Free Gel With SPF 50 PA++++ For Oily,The Derma Co,499.0,429.0,14.0,50.0,g,,{},Gel,Oily,,,"SPF 50, PA++++",50,PA++++,4.2,6302.0,The Derma Co 1% Hyaluronic Sunscreen Oil-Free Gel With Spf 50 Pa++++ For Oily ... - In-Vivo tested(50g),In Stock,success,2026-08-11T17:36:12.926415+00:00,run_9bf4d5db
nykaa,19439907,https://www.nykaa.com/sunscoop-3percent-niacinamide-fluid-sunscreen-spf-50-pa/p/19439907?productId=19439907&pps=72,SunScoop 3% Niacinamide Fluid Sunscreen,SunScoop,449.0,319.0,29.0,45.0,ml,Niacinamide,{},Non-Greasy,,,,"SPF 50+, PA++++, Lightweight, Non-Greasy",50+,PA++++,4.3,1004.0,,In Stock,success,2026-08-11T17:36:20.188196+00:00,run_9bf4d5db
nykaa,19140681,https://www.nykaa.com/foxtale-glow-sunscreen-spf-50-pa-with-vitamin-c-niacinamide-for-a-dewy-glow/p/19140681?productId=19140681&pps=20,"Foxtale SPF 50 Glow Sunscreen with Vitamin C & Niacinamide for Dewy Glow, In-Vivo Tested PA++++",Foxtale,375.0,319.0,15.0,50.0,ml,"Vitamin C, Niacinamide",{},Dewy,,,,"SPF 50, PA++++, 15% Off",50,PA++++,4.3,4948.0,,In Stock,success,2026-08-11T17:36:31.509329+00:00,run_9bf4d5db
nykaa,16059919,https://www.nykaa.com/venusia-water-based-sunscreen-spf-65-pa-uva-uvb-protection-ultra-light/p/16059919?productId=16059919&pps=54,Dr. Reddy's Venusia Water Based Sunscreen SPF 65 | Powered by Anti-oxidants | Anti-pigmentation | 50g,Venusia,995.0,896.0,10.0,50.0,g,OA Hidroxitirosol 2%,{},"Non-greasy, Matte","Oily, Acne-prone, Sensitive",,,"SPF 65, Broad-spectrum protection, 12-hour non-greasy hydration, Reduces sun spots and hyper-pigmentation",65,,4.4,276.0,"Venusia Water-Based Sunscreen with SPF 65 is the ultimate solution for complete sun protection and deep hydration. Its advanced broad-spectrum formula effectively defends against harmful UVA and UVB rays, preventing & repairing sun damage. Designed for long-lasting hydration, this lightweight Venusia Aqua's water-based sunscreen locks in moisture for up to 12 hours without feeling greasy or heavy.",In Stock,success,2026-08-11T17:36:40.473552+00:00,run_9bf4d5db
nykaa,465236,https://www.nykaa.com/lakme-sun-expert-spf-50-pa-ultra-matte-lotion-sunscreen/p/465236?productId=465236&pps=9,"Lakme Sunscreen For Bright Skin, SPF 50 PA++++, Water Light, Niacinamide, In Vivo Tested",Lakme,669.0,468.0,30.0,100.0,ml,Niacinamide,{},,,,,"SPF 50, PA++++, Water Light",50,PA++++,4.3,112683.0,Regular price ₹669. Discounted price ₹468. 30% Off. Inclusive of all taxes.,In Stock,success,2026-08-11T17:36:52.294050+00:00,run_9bf4d5db
nykaa,26045153,https://www.nykaa.com/the-solved-skin-clear-protect-gel-sunscreen/p/26045153?productId=26045153&pps=8,The Solved Skin Clear Protect Gel Sunscreen,The Solved Skin,849.0,599.0,29.0,50.0,ml,"Niacinamide, Ceramides",{},Gel,Acne-prone,,,"SPF 50+, PA++++, Oil-free, Non-comedogenic",50+,PA++++,4.5,85.0,"You know you need sunscreen. But every one you've tried either breaks you out, leaves a ghostly white cast on your skin, or feels like you've smeared oil all over your face or all three at once. So you skip it. Your acne gets worse from UV-triggered inflammation. Your dark spots get darker and more stubborn. You're stuck in an impossible situation where protecting your skin from sun damage actually damages your skin.",In Stock,success,2026-08-11T17:37:01.584256+00:00,run_9bf4d5db
nykaa,20248576,https://www.nykaa.com/fixderma-shadow-brightening-cream-sunscreen-spf50-pa-uva-uvb/p/20248576?productId=20248576&pps=69,Fixderma Shadow Brightening Sunscreen SPF 50 PA+++With Vitamin C Reduce Tan & Brightens,Fixderma,500.0,450.0,10.0,50.0,g,"Vitamin C, Suncat MTA, Alpha Arbutin",{},Non-greasy,All,"Paraben-Free, Cruelty-Free, Vegan",,"SPF 50, Reduces Tan, Brightens Complexion, Non-Greasy, Vegan, Cruelty-Free",50,PA+++,4.1,146.0,Shadow Brightening Cream Sunscreen SPF 50 is a powerful sun-protection formula that not only shields your skin from harmful UVA and UVB rays but also helps reduce tan and brighten the complexion.,In Stock,success,2026-08-11T17:37:09.722724+00:00,run_9bf4d5db
nykaa,930182,https://www.nykaa.com/cetaphil-sun-spf-50-gel/p/930182?productId=930182&pps=22,Cetaphil Sun Spf 50+ Light Gel,Cetaphil,1299.0,1169.0,10.0,50.0,ml,"UV filters, Glycerin, Dimethicone, Skin-conditioning ingredients",{},Light Gel-Cream,"Normal, Combination, Sensitive",,,"SPF 50+, Lightweight, Non-greasy, Suitable for sensitive skin",50+,,4.2,1191.0,"This sunscreen feels pretty straightforward on the skin. The texture is light, spreads quickly and doesn't leave that thick sunscreen coating some formulas do. Once it settles, the finish looks natural with a slight fresh feel.",In Stock,success,2026-08-11T17:42:16.335868+00:00,run_2f1b7a23
nykaa,5093166,https://www.nykaa.com/l-oreal-paris-uv-defender-serum-protector-sunscreen-spf-50/p/5093166?productId=5093166&pps=78,LOreal Paris UV Defender Serum Protector Sunscreen With SPF 50+ PA++++ Bright & Clear,LOreal Paris,799.0,799.0,15.0,50.0,ml,,{},,,,,"SPF 50+, PA++++, Bright & Clear",50+,PA++++,4.2,6839.0,"100% Genuine Products. 100% Authentic, directly purchased from L'Oreal Paris.",In Stock,success,2026-08-11T17:42:23.337555+00:00,run_2f1b7a23
nykaa,14558391,https://www.nykaa.com/dot-key-strawberry-dew-tinted-sunscreen-spf-50-pa/p/14558391?productId=14558391&pps=19,Dot & Key Strawberry Dew Tinted Sunscreen In-Vivo Tested SPF 50+ PA++++ for Daily Wear -01 Porcelain,Dot & Key,549.0,489.0,11.0,50.0,ml,,{},,,,,"SPF 50+, PA++++, Tinted",50+,PA++++,4.3,5676.0,,Out of Stock,success,2026-08-11T17:42:30.356434+00:00,run_2f1b7a23
nykaa,25406502,https://www.nykaa.com/wishcare-daily-tinted-fluid-sunscreen-spf50pa/p/25406502?productId=25406502&pps=3,Wishcare Daily Fluid Tinted Sunscreen-In Vivo Tested Skin Tint with SPF50PA++++ All Skin Type - L102,Wishcare,599.0,485.0,19.0,50.0,ml,,{},,All,,,"SPF50, PA++++, All Skin Type",50,PA++++,4.2,2283.0,,Out Of Stock,success,2026-08-11T17:42:40.095880+00:00,run_2f1b7a23
nykaa,930183,https://www.nykaa.com/cetaphil-sun-spf-30-gel/p/930183?productId=930183&pps=44,Cetaphil Sun SPF 30 Light Gel With Vitamin E,Cetaphil,1399.0,1301.0,7.0,100.0,ml,,{},,,,,"SPF 30, 100% Genuine Products, Easy Return Policy, Extra 15% Off upto ₹300",30,,4.3,3212.0,,In Stock,success,2026-08-11T17:42:47.594202+00:00,run_2f1b7a23
